{
  "name": "lighttae",
  "encode_s": 0.8167173340043519,
  "decode_s": 1.2563917330116965,
  "total_s": 2.0731090670160484,
  "latent_shape": [
    16,
    64,
    104,
    56
  ],
  "output_shape": [
    3,
    253,
    832,
    448
  ]
}
